"chart","series","x_order","x_label","metric","value","n"
"1 retention: первый платный план месячный","Каплан-Мейер",1,"мес. 1","retention, %",96.33,1250633
"1 retention: первый платный план месячный","Каплан-Мейер",2,"мес. 2","retention, %",80.31,1126363
"1 retention: первый платный план месячный","Каплан-Мейер",3,"мес. 3","retention, %",74.11,889156
"1 retention: первый платный план месячный","Каплан-Мейер",4,"мес. 4","retention, %",70.63,788868
"1 retention: первый платный план месячный","Каплан-Мейер",5,"мес. 5","retention, %",67.75,720767
"1 retention: первый платный план месячный","Каплан-Мейер",6,"мес. 6","retention, %",65.51,667801
"1 retention: первый платный план месячный","Каплан-Мейер",7,"мес. 7","retention, %",62.85,620904
"1 retention: первый платный план месячный","Каплан-Мейер",8,"мес. 8","retention, %",60.99,565835
"1 retention: первый платный план месячный","Каплан-Мейер",9,"мес. 9","retention, %",59.30,429893
"1 retention: первый платный план месячный","Каплан-Мейер",10,"мес. 10","retention, %",57.82,388434
"1 retention: первый платный план месячный","Каплан-Мейер",11,"мес. 11","retention, %",56.31,357599
"1 retention: первый платный план месячный","Каплан-Мейер",12,"мес. 12","retention, %",54.66,328862
"1 retention: первый платный план месячный","Каплан-Мейер",13,"мес. 13","retention, %",52.64,299084
"1 retention: первый платный план месячный","Каплан-Мейер",14,"мес. 14","retention, %",51.35,265143
"1 retention: первый платный план месячный","Каплан-Мейер",15,"мес. 15","retention, %",50.12,229032
"1 retention: первый платный план месячный","Каплан-Мейер",16,"мес. 16","retention, %",49.01,206082
"1 retention: первый платный план месячный","Каплан-Мейер",17,"мес. 17","retention, %",47.92,165538
"1 retention: первый платный план месячный","Каплан-Мейер",18,"мес. 18","retention, %",46.88,141577
"1 retention: первый платный план месячный","Каплан-Мейер",19,"мес. 19","retention, %",45.99,121335
"1 retention: первый платный план месячный","Каплан-Мейер",20,"мес. 20","retention, %",45.13,101908
"1 retention: первый платный план месячный","Каплан-Мейер",21,"мес. 21","retention, %",44.04,85300
"1 retention: первый платный план месячный","Каплан-Мейер",1,"мес. 1","отток в месяце, %",3.67,1250633
"1 retention: первый платный план месячный","Каплан-Мейер",2,"мес. 2","отток в месяце, %",16.63,1126363
"1 retention: первый платный план месячный","Каплан-Мейер",3,"мес. 3","отток в месяце, %",7.73,889156
"1 retention: первый платный план месячный","Каплан-Мейер",4,"мес. 4","отток в месяце, %",4.69,788868
"1 retention: первый платный план месячный","Каплан-Мейер",5,"мес. 5","отток в месяце, %",4.09,720767
"1 retention: первый платный план месячный","Каплан-Мейер",6,"мес. 6","отток в месяце, %",3.30,667801
"1 retention: первый платный план месячный","Каплан-Мейер",7,"мес. 7","отток в месяце, %",4.06,620904
"1 retention: первый платный план месячный","Каплан-Мейер",8,"мес. 8","отток в месяце, %",2.97,565835
"1 retention: первый платный план месячный","Каплан-Мейер",9,"мес. 9","отток в месяце, %",2.76,429893
"1 retention: первый платный план месячный","Каплан-Мейер",10,"мес. 10","отток в месяце, %",2.51,388434
"1 retention: первый платный план месячный","Каплан-Мейер",11,"мес. 11","отток в месяце, %",2.60,357599
"1 retention: первый платный план месячный","Каплан-Мейер",12,"мес. 12","отток в месяце, %",2.94,328862
"1 retention: первый платный план месячный","Каплан-Мейер",13,"мес. 13","отток в месяце, %",3.69,299084
"1 retention: первый платный план месячный","Каплан-Мейер",14,"мес. 14","отток в месяце, %",2.44,265143
"1 retention: первый платный план месячный","Каплан-Мейер",15,"мес. 15","отток в месяце, %",2.41,229032
"1 retention: первый платный план месячный","Каплан-Мейер",16,"мес. 16","отток в месяце, %",2.21,206082
"1 retention: первый платный план месячный","Каплан-Мейер",17,"мес. 17","отток в месяце, %",2.21,165538
"1 retention: первый платный план месячный","Каплан-Мейер",18,"мес. 18","отток в месяце, %",2.18,141577
"1 retention: первый платный план месячный","Каплан-Мейер",19,"мес. 19","отток в месяце, %",1.90,121335
"1 retention: первый платный план месячный","Каплан-Мейер",20,"мес. 20","отток в месяце, %",1.86,101908
"1 retention: первый платный план месячный","Каплан-Мейер",21,"мес. 21","отток в месяце, %",2.41,85300
"1 retention: первый платный план месячный","наивная: незавершённые выброшены",1,"мес. 1","retention, %",91.32,504509
"1 retention: первый платный план месячный","наивная: незавершённые выброшены",2,"мес. 2","retention, %",54.27,504509
"1 retention: первый платный план месячный","наивная: незавершённые выброшены",3,"мес. 3","retention, %",40.79,504509
"1 retention: первый платный план месячный","наивная: незавершённые выброшены",4,"мес. 4","retention, %",33.55,504509
"1 retention: первый платный план месячный","наивная: незавершённые выброшены",5,"мес. 5","retention, %",27.78,504509
"1 retention: первый платный план месячный","наивная: незавершённые выброшены",6,"мес. 6","retention, %",23.48,504509
"1 retention: первый платный план месячный","наивная: незавершённые выброшены",7,"мес. 7","retention, %",18.55,504509
"1 retention: первый платный план месячный","наивная: незавершённые выброшены",8,"мес. 8","retention, %",15.70,504509
"1 retention: первый платный план месячный","наивная: незавершённые выброшены",9,"мес. 9","retention, %",13.41,504509
"1 retention: первый платный план месячный","наивная: незавершённые выброшены",10,"мес. 10","retention, %",11.53,504509
"1 retention: первый платный план месячный","наивная: незавершённые выброшены",11,"мес. 11","retention, %",9.73,504509
"1 retention: первый платный план месячный","наивная: незавершённые выброшены",12,"мес. 12","retention, %",7.86,504509
"1 retention: первый платный план месячный","наивная: незавершённые выброшены",13,"мес. 13","retention, %",5.72,504509
"1 retention: первый платный план месячный","наивная: незавершённые выброшены",14,"мес. 14","retention, %",4.50,504509
"1 retention: первый платный план месячный","наивная: незавершённые выброшены",15,"мес. 15","retention, %",3.44,504509
"1 retention: первый платный план месячный","наивная: незавершённые выброшены",16,"мес. 16","retention, %",2.61,504509
"1 retention: первый платный план месячный","наивная: незавершённые выброшены",17,"мес. 17","retention, %",1.92,504509
"1 retention: первый платный план месячный","наивная: незавершённые выброшены",18,"мес. 18","retention, %",1.34,504509
"1 retention: первый платный план месячный","наивная: незавершённые выброшены",19,"мес. 19","retention, %",0.91,504509
"1 retention: первый платный план месячный","наивная: незавершённые выброшены",20,"мес. 20","retention, %",0.56,504509
"1 retention: первый платный план месячный","наивная: незавершённые выброшены",21,"мес. 21","retention, %",0.34,504509
"1 retention: первый платный план месячный","наивная: незавершённые считаются ушедшими",1,"мес. 1","retention, %",90.06,1250633
"1 retention: первый платный план месячный","наивная: незавершённые считаются ушедшими",2,"мес. 2","retention, %",71.10,1250633
"1 retention: первый платный план месячный","наивная: незавершённые считаются ушедшими",3,"мес. 3","retention, %",63.08,1250633
"1 retention: первый платный план месячный","наивная: незавершённые считаются ушедшими",4,"мес. 4","retention, %",57.63,1250633
"1 retention: первый платный план месячный","наивная: незавершённые считаются ушедшими",5,"мес. 5","retention, %",53.40,1250633
"1 retention: первый платный план месячный","наивная: незавершённые считаются ушедшими",6,"мес. 6","retention, %",49.65,1250633
"1 retention: первый платный план месячный","наивная: незавершённые считаются ушедшими",7,"мес. 7","retention, %",45.24,1250633
"1 retention: первый платный план месячный","наивная: незавершённые считаются ушедшими",8,"мес. 8","retention, %",34.37,1250633
"1 retention: первый платный план месячный","наивная: незавершённые считаются ушедшими",9,"мес. 9","retention, %",31.06,1250633
"1 retention: первый платный план месячный","наивная: незавершённые считаются ушедшими",10,"мес. 10","retention, %",28.59,1250633
"1 retention: первый платный план месячный","наивная: незавершённые считаются ушедшими",11,"мес. 11","retention, %",26.30,1250633
"1 retention: первый платный план месячный","наивная: незавершённые считаются ушедшими",12,"мес. 12","retention, %",23.91,1250633
"1 retention: первый платный план месячный","наивная: незавершённые считаются ушедшими",13,"мес. 13","retention, %",21.20,1250633
"1 retention: первый платный план месячный","наивная: незавершённые считаются ушедшими",14,"мес. 14","retention, %",18.31,1250633
"1 retention: первый платный план месячный","наивная: незавершённые считаются ушедшими",15,"мес. 15","retention, %",16.48,1250633
"1 retention: первый платный план месячный","наивная: незавершённые считаются ушедшими",16,"мес. 16","retention, %",13.24,1250633
"1 retention: первый платный план месячный","наивная: незавершённые считаются ушедшими",17,"мес. 17","retention, %",11.32,1250633
"1 retention: первый платный план месячный","наивная: незавершённые считаются ушедшими",18,"мес. 18","retention, %",9.70,1250633
"1 retention: первый платный план месячный","наивная: незавершённые считаются ушедшими",19,"мес. 19","retention, %",8.15,1250633
"1 retention: первый платный план месячный","наивная: незавершённые считаются ушедшими",20,"мес. 20","retention, %",6.82,1250633
"1 retention: первый платный план месячный","наивная: незавершённые считаются ушедшими",21,"мес. 21","retention, %",1.76,1250633
"2 потери по сегментам","автопродление включено",3,"автопродление включено","доля потерь, %",39.9,878352
"2 потери по сегментам","автопродление включено",3,"автопродление включено","людей",878352,878352
"2 потери по сегментам","автопродление включено",3,"автопродление включено","отток, %",2.98,878352
"2 потери по сегментам","автопродление включено",3,"автопродление включено","потери в месяц, NTD",3344606,878352
"2 потери по сегментам","автопродление включено",3,"автопродление включено","ушли",26172,878352
"2 потери по сегментам","ручная оплата, первое продление",1,"ручная оплата, первое продление","доля потерь, %",16.1,17570
"2 потери по сегментам","ручная оплата, первое продление",1,"ручная оплата, первое продление","людей",17570,17570
"2 потери по сегментам","ручная оплата, первое продление",1,"ручная оплата, первое продление","отток, %",47.78,17570
"2 потери по сегментам","ручная оплата, первое продление",1,"ручная оплата, первое продление","потери в месяц, NTD",1347459,17570
"2 потери по сегментам","ручная оплата, первое продление",1,"ручная оплата, первое продление","ушли",8395,17570
"2 потери по сегментам","ручная оплата: эпизод от 2 месяцев, длинные планы, начало не видно",2,"ручная оплата: эпизод от 2 месяцев, длинные планы, начало не видно","доля потерь, %",44.0,94908
"2 потери по сегментам","ручная оплата: эпизод от 2 месяцев, длинные планы, начало не видно",2,"ручная оплата: эпизод от 2 месяцев, длинные планы, начало не видно","людей",94908,94908
"2 потери по сегментам","ручная оплата: эпизод от 2 месяцев, длинные планы, начало не видно",2,"ручная оплата: эпизод от 2 месяцев, длинные планы, начало не видно","отток, %",29.75,94908
"2 потери по сегментам","ручная оплата: эпизод от 2 месяцев, длинные планы, начало не видно",2,"ручная оплата: эпизод от 2 месяцев, длинные планы, начало не видно","потери в месяц, NTD",3691510,94908
"2 потери по сегментам","ручная оплата: эпизод от 2 месяцев, длинные планы, начало не видно",2,"ручная оплата: эпизод от 2 месяцев, длинные планы, начало не видно","ушли",28239,94908
"3 отток по квинтилям прослушивания","автопродление да",1,"Q1","людей",134913,134913
"3 отток по квинтилям прослушивания","автопродление да",2,"Q2","людей",128722,128722
"3 отток по квинтилям прослушивания","автопродление да",3,"Q3","людей",125183,125183
"3 отток по квинтилям прослушивания","автопродление да",4,"Q4","людей",122573,122573
"3 отток по квинтилям прослушивания","автопродление да",5,"Q5","людей",120700,120700
"3 отток по квинтилям прослушивания","автопродление да",1,"Q1","отток, %",3.33,134913
"3 отток по квинтилям прослушивания","автопродление да",2,"Q2","отток, %",2.49,128722
"3 отток по квинтилям прослушивания","автопродление да",3,"Q3","отток, %",2.15,125183
"3 отток по квинтилям прослушивания","автопродление да",4,"Q4","отток, %",1.76,122573
"3 отток по квинтилям прослушивания","автопродление да",5,"Q5","отток, %",1.70,120700
"3 отток по квинтилям прослушивания","автопродление да",1,"Q1","отток, % — 95% до",3.43,134913
"3 отток по квинтилям прослушивания","автопродление да",2,"Q2","отток, % — 95% до",2.58,128722
"3 отток по квинтилям прослушивания","автопродление да",3,"Q3","отток, % — 95% до",2.23,125183
"3 отток по квинтилям прослушивания","автопродление да",4,"Q4","отток, % — 95% до",1.83,122573
"3 отток по квинтилям прослушивания","автопродление да",5,"Q5","отток, % — 95% до",1.77,120700
"3 отток по квинтилям прослушивания","автопродление да",1,"Q1","отток, % — 95% от",3.24,134913
"3 отток по квинтилям прослушивания","автопродление да",2,"Q2","отток, % — 95% от",2.41,128722
"3 отток по квинтилям прослушивания","автопродление да",3,"Q3","отток, % — 95% от",2.07,125183
"3 отток по квинтилям прослушивания","автопродление да",4,"Q4","отток, % — 95% от",1.69,122573
"3 отток по квинтилям прослушивания","автопродление да",5,"Q5","отток, % — 95% от",1.62,120700
"3 отток по квинтилям прослушивания","автопродление нет",1,"Q1","людей",5001,5001
"3 отток по квинтилям прослушивания","автопродление нет",2,"Q2","людей",11192,11192
"3 отток по квинтилям прослушивания","автопродление нет",3,"Q3","людей",14731,14731
"3 отток по квинтилям прослушивания","автопродление нет",4,"Q4","людей",17340,17340
"3 отток по квинтилям прослушивания","автопродление нет",5,"Q5","людей",19213,19213
"3 отток по квинтилям прослушивания","автопродление нет",1,"Q1","отток, %",35.33,5001
"3 отток по квинтилям прослушивания","автопродление нет",2,"Q2","отток, %",25.79,11192
"3 отток по квинтилям прослушивания","автопродление нет",3,"Q3","отток, %",20.53,14731
"3 отток по квинтилям прослушивания","автопродление нет",4,"Q4","отток, %",17.60,17340
"3 отток по квинтилям прослушивания","автопродление нет",5,"Q5","отток, %",15.82,19213
"3 отток по квинтилям прослушивания","автопродление нет",1,"Q1","отток, % — 95% до",36.67,5001
"3 отток по квинтилям прослушивания","автопродление нет",2,"Q2","отток, % — 95% до",26.60,11192
"3 отток по квинтилям прослушивания","автопродление нет",3,"Q3","отток, % — 95% до",21.19,14731
"3 отток по квинтилям прослушивания","автопродление нет",4,"Q4","отток, % — 95% до",18.17,17340
"3 отток по квинтилям прослушивания","автопродление нет",5,"Q5","отток, % — 95% до",16.34,19213
"3 отток по квинтилям прослушивания","автопродление нет",1,"Q1","отток, % — 95% от",34.02,5001
"3 отток по квинтилям прослушивания","автопродление нет",2,"Q2","отток, % — 95% от",24.98,11192
"3 отток по квинтилям прослушивания","автопродление нет",3,"Q3","отток, % — 95% от",19.89,14731
"3 отток по квинтилям прослушивания","автопродление нет",4,"Q4","отток, % — 95% от",17.04,17340
"3 отток по квинтилям прослушивания","автопродление нет",5,"Q5","отток, % — 95% от",15.31,19213
"3 отток по квинтилям прослушивания","все",1,"Q1","людей",139914,139914
"3 отток по квинтилям прослушивания","все",2,"Q2","людей",139914,139914
"3 отток по квинтилям прослушивания","все",3,"Q3","людей",139914,139914
"3 отток по квинтилям прослушивания","все",4,"Q4","людей",139913,139913
"3 отток по квинтилям прослушивания","все",5,"Q5","людей",139913,139913
"3 отток по квинтилям прослушивания","все",1,"Q1","отток, %",4.48,139914
"3 отток по квинтилям прослушивания","все",2,"Q2","отток, %",4.35,139914
"3 отток по квинтилям прослушивания","все",3,"Q3","отток, %",4.09,139914
"3 отток по квинтилям прослушивания","все",4,"Q4","отток, %",3.72,139913
"3 отток по квинтилям прослушивания","все",5,"Q5","отток, %",3.63,139913
"3 отток по квинтилям прослушивания","все",1,"Q1","отток, % — 95% до",4.59,139914
"3 отток по квинтилям прослушивания","все",2,"Q2","отток, % — 95% до",4.46,139914
"3 отток по квинтилям прослушивания","все",3,"Q3","отток, % — 95% до",4.19,139914
"3 отток по квинтилям прослушивания","все",4,"Q4","отток, % — 95% до",3.82,139913
"3 отток по квинтилям прослушивания","все",5,"Q5","отток, % — 95% до",3.73,139913
"3 отток по квинтилям прослушивания","все",1,"Q1","отток, % — 95% от",4.37,139914
"3 отток по квинтилям прослушивания","все",2,"Q2","отток, % — 95% от",4.25,139914
"3 отток по квинтилям прослушивания","все",3,"Q3","отток, % — 95% от",3.98,139914
"3 отток по квинтилям прослушивания","все",4,"Q4","отток, % — 95% от",3.62,139913
"3 отток по квинтилям прослушивания","все",5,"Q5","отток, % — 95% от",3.54,139913
"3 отток по квинтилям прослушивания","все",1,"Q1","часов в день, до",0.22,139914
"3 отток по квинтилям прослушивания","все",2,"Q2","часов в день, до",0.57,139914
"3 отток по квинтилям прослушивания","все",3,"Q3","часов в день, до",1.05,139914
"3 отток по квинтилям прослушивания","все",4,"Q4","часов в день, до",1.90,139913
"3 отток по квинтилям прослушивания","все",5,"Q5","часов в день, до",64.35,139913
"3 отток по квинтилям прослушивания","все",1,"Q1","часов в день, от",0.00,139914
"3 отток по квинтилям прослушивания","все",2,"Q2","часов в день, от",0.22,139914
"3 отток по квинтилям прослушивания","все",3,"Q3","часов в день, от",0.57,139914
"3 отток по квинтилям прослушивания","все",4,"Q4","часов в день, от",1.05,139913
"3 отток по квинтилям прослушивания","все",5,"Q5","часов в день, от",1.90,139913
"4 отток на первом продлении по когортам","автопродление да",201501,"2015-01","отток на первом продлении, %",3.7,4200
"4 отток на первом продлении по когортам","автопродление да",201502,"2015-02","отток на первом продлении, %",3.2,4909
"4 отток на первом продлении по когортам","автопродление да",201503,"2015-03","отток на первом продлении, %",5.8,6277
"4 отток на первом продлении по когортам","автопродление да",201504,"2015-04","отток на первом продлении, %",4.5,5118
"4 отток на первом продлении по когортам","автопродление да",201505,"2015-05","отток на первом продлении, %",7.5,5111
"4 отток на первом продлении по когортам","автопродление да",201506,"2015-06","отток на первом продлении, %",4.1,4406
"4 отток на первом продлении по когортам","автопродление да",201507,"2015-07","отток на первом продлении, %",1.3,16440
"4 отток на первом продлении по когортам","автопродление да",201508,"2015-08","отток на первом продлении, %",11.6,18999
"4 отток на первом продлении по когортам","автопродление да",201509,"2015-09","отток на первом продлении, %",7.6,16778
"4 отток на первом продлении по когортам","автопродление да",201510,"2015-10","отток на первом продлении, %",2.3,22559
"4 отток на первом продлении по когортам","автопродление да",201511,"2015-11","отток на первом продлении, %",7.8,21299
"4 отток на первом продлении по когортам","автопродление да",201512,"2015-12","отток на первом продлении, %",3.6,16819
"4 отток на первом продлении по когортам","автопродление да",201601,"2016-01","отток на первом продлении, %",11.9,25477
"4 отток на первом продлении по когортам","автопродление да",201602,"2016-02","отток на первом продлении, %",5.5,21285
"4 отток на первом продлении по когортам","автопродление да",201603,"2016-03","отток на первом продлении, %",14.6,17618
"4 отток на первом продлении по когортам","автопродление да",201604,"2016-04","отток на первом продлении, %",13.5,8316
"4 отток на первом продлении по когортам","автопродление да",201605,"2016-05","отток на первом продлении, %",13.7,12454
"4 отток на первом продлении по когортам","автопродление да",201606,"2016-06","отток на первом продлении, %",1.3,14269
"4 отток на первом продлении по когортам","автопродление да",201607,"2016-07","отток на первом продлении, %",1.5,20122
"4 отток на первом продлении по когортам","автопродление да",201608,"2016-08","отток на первом продлении, %",3.0,17084
"4 отток на первом продлении по когортам","автопродление да",201609,"2016-09","отток на первом продлении, %",1.8,10907
"4 отток на первом продлении по когортам","автопродление да",201610,"2016-10","отток на первом продлении, %",1.9,11963
"4 отток на первом продлении по когортам","автопродление да",201611,"2016-11","отток на первом продлении, %",2.4,12823
"4 отток на первом продлении по когортам","автопродление да",201612,"2016-12","отток на первом продлении, %",2.3,14988
"4 отток на первом продлении по когортам","автопродление да",201701,"2017-01","отток на первом продлении, %",2.7,13904
"4 отток на первом продлении по когортам","автопродление да",201501,"2015-01","отток на первом продлении, % — 95% до",4.3,4200
"4 отток на первом продлении по когортам","автопродление да",201502,"2015-02","отток на первом продлении, % — 95% до",3.7,4909
"4 отток на первом продлении по когортам","автопродление да",201503,"2015-03","отток на первом продлении, % — 95% до",6.4,6277
"4 отток на первом продлении по когортам","автопродление да",201504,"2015-04","отток на первом продлении, % — 95% до",5.0,5118
"4 отток на первом продлении по когортам","автопродление да",201505,"2015-05","отток на первом продлении, % — 95% до",8.3,5111
"4 отток на первом продлении по когортам","автопродление да",201506,"2015-06","отток на первом продлении, % — 95% до",4.6,4406
"4 отток на первом продлении по когортам","автопродление да",201507,"2015-07","отток на первом продлении, % — 95% до",1.5,16440
"4 отток на первом продлении по когортам","автопродление да",201508,"2015-08","отток на первом продлении, % — 95% до",12.0,18999
"4 отток на первом продлении по когортам","автопродление да",201509,"2015-09","отток на первом продлении, % — 95% до",8.0,16778
"4 отток на первом продлении по когортам","автопродление да",201510,"2015-10","отток на первом продлении, % — 95% до",2.5,22559
"4 отток на первом продлении по когортам","автопродление да",201511,"2015-11","отток на первом продлении, % — 95% до",8.1,21299
"4 отток на первом продлении по когортам","автопродление да",201512,"2015-12","отток на первом продлении, % — 95% до",3.9,16819
"4 отток на первом продлении по когортам","автопродление да",201601,"2016-01","отток на первом продлении, % — 95% до",12.3,25477
"4 отток на первом продлении по когортам","автопродление да",201602,"2016-02","отток на первом продлении, % — 95% до",5.8,21285
"4 отток на первом продлении по когортам","автопродление да",201603,"2016-03","отток на первом продлении, % — 95% до",15.1,17618
"4 отток на первом продлении по когортам","автопродление да",201604,"2016-04","отток на первом продлении, % — 95% до",14.3,8316
"4 отток на первом продлении по когортам","автопродление да",201605,"2016-05","отток на первом продлении, % — 95% до",14.3,12454
"4 отток на первом продлении по когортам","автопродление да",201606,"2016-06","отток на первом продлении, % — 95% до",1.5,14269
"4 отток на первом продлении по когортам","автопродление да",201607,"2016-07","отток на первом продлении, % — 95% до",1.6,20122
"4 отток на первом продлении по когортам","автопродление да",201608,"2016-08","отток на первом продлении, % — 95% до",3.3,17084
"4 отток на первом продлении по когортам","автопродление да",201609,"2016-09","отток на первом продлении, % — 95% до",2.1,10907
"4 отток на первом продлении по когортам","автопродление да",201610,"2016-10","отток на первом продлении, % — 95% до",2.2,11963
"4 отток на первом продлении по когортам","автопродление да",201611,"2016-11","отток на первом продлении, % — 95% до",2.6,12823
"4 отток на первом продлении по когортам","автопродление да",201612,"2016-12","отток на первом продлении, % — 95% до",2.5,14988
"4 отток на первом продлении по когортам","автопродление да",201701,"2017-01","отток на первом продлении, % — 95% до",3.3,13904
"4 отток на первом продлении по когортам","автопродление да",201501,"2015-01","отток на первом продлении, % — 95% от",3.1,4200
"4 отток на первом продлении по когортам","автопродление да",201502,"2015-02","отток на первом продлении, % — 95% от",2.7,4909
"4 отток на первом продлении по когортам","автопродление да",201503,"2015-03","отток на первом продлении, % — 95% от",5.2,6277
"4 отток на первом продлении по когортам","автопродление да",201504,"2015-04","отток на первом продлении, % — 95% от",3.9,5118
"4 отток на первом продлении по когортам","автопродление да",201505,"2015-05","отток на первом продлении, % — 95% от",6.8,5111
"4 отток на первом продлении по когортам","автопродление да",201506,"2015-06","отток на первом продлении, % — 95% от",3.5,4406
"4 отток на первом продлении по когортам","автопродление да",201507,"2015-07","отток на первом продлении, % — 95% от",1.1,16440
"4 отток на первом продлении по когортам","автопродление да",201508,"2015-08","отток на первом продлении, % — 95% от",11.1,18999
"4 отток на первом продлении по когортам","автопродление да",201509,"2015-09","отток на первом продлении, % — 95% от",7.2,16778
"4 отток на первом продлении по когортам","автопродление да",201510,"2015-10","отток на первом продлении, % — 95% от",2.1,22559
"4 отток на первом продлении по когортам","автопродление да",201511,"2015-11","отток на первом продлении, % — 95% от",7.4,21299
"4 отток на первом продлении по когортам","автопродление да",201512,"2015-12","отток на первом продлении, % — 95% от",3.4,16819
"4 отток на первом продлении по когортам","автопродление да",201601,"2016-01","отток на первом продлении, % — 95% от",11.5,25477
"4 отток на первом продлении по когортам","автопродление да",201602,"2016-02","отток на первом продлении, % — 95% от",5.2,21285
"4 отток на первом продлении по когортам","автопродление да",201603,"2016-03","отток на первом продлении, % — 95% от",14.1,17618
"4 отток на первом продлении по когортам","автопродление да",201604,"2016-04","отток на первом продлении, % — 95% от",12.8,8316
"4 отток на первом продлении по когортам","автопродление да",201605,"2016-05","отток на первом продлении, % — 95% от",13.0,12454
"4 отток на первом продлении по когортам","автопродление да",201606,"2016-06","отток на первом продлении, % — 95% от",1.1,14269
"4 отток на первом продлении по когортам","автопродление да",201607,"2016-07","отток на первом продлении, % — 95% от",1.3,20122
"4 отток на первом продлении по когортам","автопродление да",201608,"2016-08","отток на первом продлении, % — 95% от",2.8,17084
"4 отток на первом продлении по когортам","автопродление да",201609,"2016-09","отток на первом продлении, % — 95% от",1.6,10907
"4 отток на первом продлении по когортам","автопродление да",201610,"2016-10","отток на первом продлении, % — 95% от",1.7,11963
"4 отток на первом продлении по когортам","автопродление да",201611,"2016-11","отток на первом продлении, % — 95% от",2.1,12823
"4 отток на первом продлении по когортам","автопродление да",201612,"2016-12","отток на первом продлении, % — 95% от",2.0,14988
"4 отток на первом продлении по когортам","автопродление да",201701,"2017-01","отток на первом продлении, % — 95% от",2.1,13904
"4 отток на первом продлении по когортам","автопродление нет",201501,"2015-01","отток на первом продлении, %",30.6,4065
"4 отток на первом продлении по когортам","автопродление нет",201502,"2015-02","отток на первом продлении, %",29.1,4426
"4 отток на первом продлении по когортам","автопродление нет",201503,"2015-03","отток на первом продлении, %",31.0,5757
"4 отток на первом продлении по когортам","автопродление нет",201504,"2015-04","отток на первом продлении, %",28.1,6514
"4 отток на первом продлении по когортам","автопродление нет",201505,"2015-05","отток на первом продлении, %",30.9,5977
"4 отток на первом продлении по когортам","автопродление нет",201506,"2015-06","отток на первом продлении, %",33.0,5439
"4 отток на первом продлении по когортам","автопродление нет",201507,"2015-07","отток на первом продлении, %",31.0,5548
"4 отток на первом продлении по когортам","автопродление нет",201508,"2015-08","отток на первом продлении, %",28.9,7893
"4 отток на первом продлении по когортам","автопродление нет",201509,"2015-09","отток на первом продлении, %",28.9,8377
"4 отток на первом продлении по когортам","автопродление нет",201510,"2015-10","отток на первом продлении, %",29.6,8759
"4 отток на первом продлении по когортам","автопродление нет",201511,"2015-11","отток на первом продлении, %",30.5,8907
"4 отток на первом продлении по когортам","автопродление нет",201512,"2015-12","отток на первом продлении, %",30.3,8616
"4 отток на первом продлении по когортам","автопродление нет",201601,"2016-01","отток на первом продлении, %",30.6,8793
"4 отток на первом продлении по когортам","автопродление нет",201602,"2016-02","отток на первом продлении, %",32.4,8765
"4 отток на первом продлении по когортам","автопродление нет",201603,"2016-03","отток на первом продлении, %",32.8,8163
"4 отток на первом продлении по когортам","автопродление нет",201604,"2016-04","отток на первом продлении, %",33.3,6174
"4 отток на первом продлении по когортам","автопродление нет",201605,"2016-05","отток на первом продлении, %",37.0,6254
"4 отток на первом продлении по когортам","автопродление нет",201606,"2016-06","отток на первом продлении, %",37.5,7146
"4 отток на первом продлении по когортам","автопродление нет",201607,"2016-07","отток на первом продлении, %",36.2,7175
"4 отток на первом продлении по когортам","автопродление нет",201608,"2016-08","отток на первом продлении, %",34.4,7303
"4 отток на первом продлении по когортам","автопродление нет",201609,"2016-09","отток на первом продлении, %",32.5,7190
"4 отток на первом продлении по когортам","автопродление нет",201610,"2016-10","отток на первом продлении, %",32.6,6708
"4 отток на первом продлении по когортам","автопродление нет",201611,"2016-11","отток на первом продлении, %",30.9,6702
"4 отток на первом продлении по когортам","автопродление нет",201612,"2016-12","отток на первом продлении, %",42.8,8454
"4 отток на первом продлении по когортам","автопродление нет",201701,"2017-01","отток на первом продлении, %",36.3,6314
"4 отток на первом продлении по когортам","автопродление нет",201501,"2015-01","отток на первом продлении, % — 95% до",32.0,4065
"4 отток на первом продлении по когортам","автопродление нет",201502,"2015-02","отток на первом продлении, % — 95% до",30.4,4426
"4 отток на первом продлении по когортам","автопродление нет",201503,"2015-03","отток на первом продлении, % — 95% до",32.1,5757
"4 отток на первом продлении по когортам","автопродление нет",201504,"2015-04","отток на первом продлении, % — 95% до",29.2,6514
"4 отток на первом продлении по когортам","автопродление нет",201505,"2015-05","отток на первом продлении, % — 95% до",32.1,5977
"4 отток на первом продлении по когортам","автопродление нет",201506,"2015-06","отток на первом продлении, % — 95% до",34.2,5439
"4 отток на первом продлении по когортам","автопродление нет",201507,"2015-07","отток на первом продлении, % — 95% до",32.2,5548
"4 отток на первом продлении по когортам","автопродление нет",201508,"2015-08","отток на первом продлении, % — 95% до",29.9,7893
"4 отток на первом продлении по когортам","автопродление нет",201509,"2015-09","отток на первом продлении, % — 95% до",29.9,8377
"4 отток на первом продлении по когортам","автопродление нет",201510,"2015-10","отток на первом продлении, % — 95% до",30.6,8759
"4 отток на первом продлении по когортам","автопродление нет",201511,"2015-11","отток на первом продлении, % — 95% до",31.4,8907
"4 отток на первом продлении по когортам","автопродление нет",201512,"2015-12","отток на первом продлении, % — 95% до",31.3,8616
"4 отток на первом продлении по когортам","автопродление нет",201601,"2016-01","отток на первом продлении, % — 95% до",31.6,8793
"4 отток на первом продлении по когортам","автопродление нет",201602,"2016-02","отток на первом продлении, % — 95% до",33.4,8765
"4 отток на первом продлении по когортам","автопродление нет",201603,"2016-03","отток на первом продлении, % — 95% до",33.8,8163
"4 отток на первом продлении по когортам","автопродление нет",201604,"2016-04","отток на первом продлении, % — 95% до",34.5,6174
"4 отток на первом продлении по когортам","автопродление нет",201605,"2016-05","отток на первом продлении, % — 95% до",38.2,6254
"4 отток на первом продлении по когортам","автопродление нет",201606,"2016-06","отток на первом продлении, % — 95% до",38.6,7146
"4 отток на первом продлении по когортам","автопродление нет",201607,"2016-07","отток на первом продлении, % — 95% до",37.3,7175
"4 отток на первом продлении по когортам","автопродление нет",201608,"2016-08","отток на первом продлении, % — 95% до",35.5,7303
"4 отток на первом продлении по когортам","автопродление нет",201609,"2016-09","отток на первом продлении, % — 95% до",33.6,7190
"4 отток на первом продлении по когортам","автопродление нет",201610,"2016-10","отток на первом продлении, % — 95% до",33.8,6708
"4 отток на первом продлении по когортам","автопродление нет",201611,"2016-11","отток на первом продлении, % — 95% до",32.0,6702
"4 отток на первом продлении по когортам","автопродление нет",201612,"2016-12","отток на первом продлении, % — 95% до",43.9,8454
"4 отток на первом продлении по когортам","автопродление нет",201701,"2017-01","отток на первом продлении, % — 95% до",37.6,6314
"4 отток на первом продлении по когортам","автопродление нет",201501,"2015-01","отток на первом продлении, % — 95% от",29.2,4065
"4 отток на первом продлении по когортам","автопродление нет",201502,"2015-02","отток на первом продлении, % — 95% от",27.7,4426
"4 отток на первом продлении по когортам","автопродление нет",201503,"2015-03","отток на первом продлении, % — 95% от",29.8,5757
"4 отток на первом продлении по когортам","автопродление нет",201504,"2015-04","отток на первом продлении, % — 95% от",27.0,6514
"4 отток на первом продлении по когортам","автопродление нет",201505,"2015-05","отток на первом продлении, % — 95% от",29.7,5977
"4 отток на первом продлении по когортам","автопродление нет",201506,"2015-06","отток на первом продлении, % — 95% от",31.7,5439
"4 отток на первом продлении по когортам","автопродление нет",201507,"2015-07","отток на первом продлении, % — 95% от",29.8,5548
"4 отток на первом продлении по когортам","автопродление нет",201508,"2015-08","отток на первом продлении, % — 95% от",27.9,7893
"4 отток на первом продлении по когортам","автопродление нет",201509,"2015-09","отток на первом продлении, % — 95% от",27.9,8377
"4 отток на первом продлении по когортам","автопродление нет",201510,"2015-10","отток на первом продлении, % — 95% от",28.7,8759
"4 отток на первом продлении по когортам","автопродление нет",201511,"2015-11","отток на первом продлении, % — 95% от",29.5,8907
"4 отток на первом продлении по когортам","автопродление нет",201512,"2015-12","отток на первом продлении, % — 95% от",29.3,8616
"4 отток на первом продлении по когортам","автопродление нет",201601,"2016-01","отток на первом продлении, % — 95% от",29.7,8793
"4 отток на первом продлении по когортам","автопродление нет",201602,"2016-02","отток на первом продлении, % — 95% от",31.4,8765
"4 отток на первом продлении по когортам","автопродление нет",201603,"2016-03","отток на первом продлении, % — 95% от",31.8,8163
"4 отток на первом продлении по когортам","автопродление нет",201604,"2016-04","отток на первом продлении, % — 95% от",32.1,6174
"4 отток на первом продлении по когортам","автопродление нет",201605,"2016-05","отток на первом продлении, % — 95% от",35.9,6254
"4 отток на первом продлении по когортам","автопродление нет",201606,"2016-06","отток на первом продлении, % — 95% от",36.4,7146
"4 отток на первом продлении по когортам","автопродление нет",201607,"2016-07","отток на первом продлении, % — 95% от",35.1,7175
"4 отток на первом продлении по когортам","автопродление нет",201608,"2016-08","отток на первом продлении, % — 95% от",33.3,7303
"4 отток на первом продлении по когортам","автопродление нет",201609,"2016-09","отток на первом продлении, % — 95% от",31.4,7190
"4 отток на первом продлении по когортам","автопродление нет",201610,"2016-10","отток на первом продлении, % — 95% от",31.5,6708
"4 отток на первом продлении по когортам","автопродление нет",201611,"2016-11","отток на первом продлении, % — 95% от",29.8,6702
"4 отток на первом продлении по когортам","автопродление нет",201612,"2016-12","отток на первом продлении, % — 95% от",41.8,8454
"4 отток на первом продлении по когортам","автопродление нет",201701,"2017-01","отток на первом продлении, % — 95% от",35.0,6314
"4 отток на первом продлении по когортам","все",201501,"2015-01","отток на первом продлении, %",16.9,8265
"4 отток на первом продлении по когортам","все",201502,"2015-02","отток на первом продлении, %",15.5,9335
"4 отток на первом продлении по когортам","все",201503,"2015-03","отток на первом продлении, %",17.8,12034
"4 отток на первом продлении по когортам","все",201504,"2015-04","отток на первом продлении, %",17.7,11632
"4 отток на первом продлении по когортам","все",201505,"2015-05","отток на первом продлении, %",20.1,11088
"4 отток на первом продлении по когортам","все",201506,"2015-06","отток на первом продлении, %",20.0,9845
"4 отток на первом продлении по когортам","все",201507,"2015-07","отток на первом продлении, %",8.8,21988
"4 отток на первом продлении по когортам","все",201508,"2015-08","отток на первом продлении, %",16.7,26892
"4 отток на первом продлении по когортам","все",201509,"2015-09","отток на первом продлении, %",14.7,25155
"4 отток на первом продлении по когортам","все",201510,"2015-10","отток на первом продлении, %",10.0,31318
"4 отток на первом продлении по когортам","все",201511,"2015-11","отток на первом продлении, %",14.5,30206
"4 отток на первом продлении по когортам","все",201512,"2015-12","отток на первом продлении, %",12.7,25435
"4 отток на первом продлении по когортам","все",201601,"2016-01","отток на первом продлении, %",16.7,34270
"4 отток на первом продлении по когортам","все",201602,"2016-02","отток на первом продлении, %",13.4,30050
"4 отток на первом продлении по когортам","все",201603,"2016-03","отток на первом продлении, %",20.4,25781
"4 отток на первом продлении по когортам","все",201604,"2016-04","отток на первом продлении, %",21.9,14490
"4 отток на первом продлении по когортам","все",201605,"2016-05","отток на первом продлении, %",21.5,18708
"4 отток на первом продлении по когортам","все",201606,"2016-06","отток на первом продлении, %",13.4,21415
"4 отток на первом продлении по когортам","все",201607,"2016-07","отток на первом продлении, %",10.6,27297
"4 отток на первом продлении по когортам","все",201608,"2016-08","отток на первом продлении, %",12.4,24387
"4 отток на первом продлении по когортам","все",201609,"2016-09","отток на первом продлении, %",14.0,18097
"4 отток на первом продлении по когортам","все",201610,"2016-10","отток на первом продлении, %",12.9,18671
"4 отток на первом продлении по когортам","все",201611,"2016-11","отток на первом продлении, %",12.1,19525
"4 отток на первом продлении по когортам","все",201612,"2016-12","отток на первом продлении, %",16.9,23442
"4 отток на первом продлении по когортам","все",201701,"2017-01","отток на первом продлении, %",13.2,20218
"4 отток на первом продлении по когортам","все",201501,"2015-01","отток на первом продлении, % — 95% до",17.7,8265
"4 отток на первом продлении по когортам","все",201502,"2015-02","отток на первом продлении, % — 95% до",16.2,9335
"4 отток на первом продлении по когортам","все",201503,"2015-03","отток на первом продлении, % — 95% до",18.5,12034
"4 отток на первом продлении по когортам","все",201504,"2015-04","отток на первом продлении, % — 95% до",18.4,11632
"4 отток на первом продлении по когортам","все",201505,"2015-05","отток на первом продлении, % — 95% до",20.9,11088
"4 отток на первом продлении по когортам","все",201506,"2015-06","отток на первом продлении, % — 95% до",20.8,9845
"4 отток на первом продлении по когортам","все",201507,"2015-07","отток на первом продлении, % — 95% до",9.2,21988
"4 отток на первом продлении по когортам","все",201508,"2015-08","отток на первом продлении, % — 95% до",17.1,26892
"4 отток на первом продлении по когортам","все",201509,"2015-09","отток на первом продлении, % — 95% до",15.1,25155
"4 отток на первом продлении по когортам","все",201510,"2015-10","отток на первом продлении, % — 95% до",10.3,31318
"4 отток на первом продлении по когортам","все",201511,"2015-11","отток на первом продлении, % — 95% до",14.9,30206
"4 отток на первом продлении по когортам","все",201512,"2015-12","отток на первом продлении, % — 95% до",13.1,25435
"4 отток на первом продлении по когортам","все",201601,"2016-01","отток на первом продлении, % — 95% до",17.1,34270
"4 отток на первом продлении по когортам","все",201602,"2016-02","отток на первом продлении, % — 95% до",13.8,30050
"4 отток на первом продлении по когортам","все",201603,"2016-03","отток на первом продлении, % — 95% до",20.9,25781
"4 отток на первом продлении по когортам","все",201604,"2016-04","отток на первом продлении, % — 95% до",22.6,14490
"4 отток на первом продлении по когортам","все",201605,"2016-05","отток на первом продлении, % — 95% до",22.1,18708
"4 отток на первом продлении по когортам","все",201606,"2016-06","отток на первом продлении, % — 95% до",13.8,21415
"4 отток на первом продлении по когортам","все",201607,"2016-07","отток на первом продлении, % — 95% до",11.0,27297
"4 отток на первом продлении по когортам","все",201608,"2016-08","отток на первом продлении, % — 95% до",12.8,24387
"4 отток на первом продлении по когортам","все",201609,"2016-09","отток на первом продлении, % — 95% до",14.5,18097
"4 отток на первом продлении по когортам","все",201610,"2016-10","отток на первом продлении, % — 95% до",13.4,18671
"4 отток на первом продлении по когортам","все",201611,"2016-11","отток на первом продлении, % — 95% до",12.6,19525
"4 отток на первом продлении по когортам","все",201612,"2016-12","отток на первом продлении, % — 95% до",17.4,23442
"4 отток на первом продлении по когортам","все",201701,"2017-01","отток на первом продлении, % — 95% до",13.8,20218
"4 отток на первом продлении по когортам","все",201501,"2015-01","отток на первом продлении, % — 95% от",16.1,8265
"4 отток на первом продлении по когортам","все",201502,"2015-02","отток на первом продлении, % — 95% от",14.8,9335
"4 отток на первом продлении по когортам","все",201503,"2015-03","отток на первом продлении, % — 95% от",17.1,12034
"4 отток на первом продлении по когортам","все",201504,"2015-04","отток на первом продлении, % — 95% от",17.0,11632
"4 отток на первом продлении по когортам","все",201505,"2015-05","отток на первом продлении, % — 95% от",19.4,11088
"4 отток на первом продлении по когортам","все",201506,"2015-06","отток на первом продлении, % — 95% от",19.2,9845
"4 отток на первом продлении по когортам","все",201507,"2015-07","отток на первом продлении, % — 95% от",8.4,21988
"4 отток на первом продлении по когортам","все",201508,"2015-08","отток на первом продлении, % — 95% от",16.2,26892
"4 отток на первом продлении по когортам","все",201509,"2015-09","отток на первом продлении, % — 95% от",14.3,25155
"4 отток на первом продлении по когортам","все",201510,"2015-10","отток на первом продлении, % — 95% от",9.6,31318
"4 отток на первом продлении по когортам","все",201511,"2015-11","отток на первом продлении, % — 95% от",14.1,30206
"4 отток на первом продлении по когортам","все",201512,"2015-12","отток на первом продлении, % — 95% от",12.3,25435
"4 отток на первом продлении по когортам","все",201601,"2016-01","отток на первом продлении, % — 95% от",16.3,34270
"4 отток на первом продлении по когортам","все",201602,"2016-02","отток на первом продлении, % — 95% от",13.0,30050
"4 отток на первом продлении по когортам","все",201603,"2016-03","отток на первом продлении, % — 95% от",19.9,25781
"4 отток на первом продлении по когортам","все",201604,"2016-04","отток на первом продлении, % — 95% от",21.3,14490
"4 отток на первом продлении по когортам","все",201605,"2016-05","отток на первом продлении, % — 95% от",20.9,18708
"4 отток на первом продлении по когортам","все",201606,"2016-06","отток на первом продлении, % — 95% от",12.9,21415
"4 отток на первом продлении по когортам","все",201607,"2016-07","отток на первом продлении, % — 95% от",10.2,27297
"4 отток на первом продлении по когортам","все",201608,"2016-08","отток на первом продлении, % — 95% от",12.0,24387
"4 отток на первом продлении по когортам","все",201609,"2016-09","отток на первом продлении, % — 95% от",13.5,18097
"4 отток на первом продлении по когортам","все",201610,"2016-10","отток на первом продлении, % — 95% от",12.5,18671
"4 отток на первом продлении по когортам","все",201611,"2016-11","отток на первом продлении, % — 95% от",11.7,19525
"4 отток на первом продлении по когортам","все",201612,"2016-12","отток на первом продлении, % — 95% от",16.4,23442
"4 отток на первом продлении по когортам","все",201701,"2017-01","отток на первом продлении, % — 95% от",12.6,20218
"4 отток на первом продлении по когортам","доля автопродления в когорте",201501,"2015-01","доля автопродления, %",52.3,8524
"4 отток на первом продлении по когортам","доля автопродления в когорте",201502,"2015-02","доля автопродления, %",54.0,9632
"4 отток на первом продлении по когортам","доля автопродления в когорте",201503,"2015-03","доля автопродления, %",53.6,12408
"4 отток на первом продлении по когортам","доля автопродления в когорте",201504,"2015-04","доля автопродления, %",46.9,12271
"4 отток на первом продлении по когортам","доля автопродления в когорте",201505,"2015-05","доля автопродления, %",48.4,11579
"4 отток на первом продлении по когортам","доля автопродления в когорте",201506,"2015-06","доля автопродления, %",46.7,10213
"4 отток на первом продлении по когортам","доля автопродления в когорте",201507,"2015-07","доля автопродления, %",75.2,22414
"4 отток на первом продлении по когортам","доля автопродления в когорте",201508,"2015-08","доля автопродления, %",71.3,27498
"4 отток на первом продлении по когортам","доля автопродления в когорте",201509,"2015-09","доля автопродления, %",67.4,25724
"4 отток на первом продлении по когортам","доля автопродления в когорте",201510,"2015-10","доля автопродления, %",72.7,32083
"4 отток на первом продлении по когортам","доля автопродления в когорте",201511,"2015-11","доля автопродления, %",71.0,30720
"4 отток на первом продлении по когортам","доля автопродления в когорте",201512,"2015-12","доля автопродления, %",67.4,26475
"4 отток на первом продлении по когортам","доля автопродления в когорте",201601,"2016-01","доля автопродления, %",76.4,37289
"4 отток на первом продлении по когортам","доля автопродления в когорте",201602,"2016-02","доля автопродления, %",72.0,31279
"4 отток на первом продлении по когортам","доля автопродления в когорте",201603,"2016-03","доля автопродления, %",69.2,26513
"4 отток на первом продлении по когортам","доля автопродления в когорте",201604,"2016-04","доля автопродления, %",59.0,15047
"4 отток на первом продлении по когортам","доля автопродления в когорте",201605,"2016-05","доля автопродления, %",67.4,19214
"4 отток на первом продлении по когортам","доля автопродления в когорте",201606,"2016-06","доля автопродления, %",67.1,21704
"4 отток на первом продлении по когортам","доля автопродления в когорте",201607,"2016-07","доля автопродления, %",74.3,27938
"4 отток на первом продлении по когортам","доля автопродления в когорте",201608,"2016-08","доля автопродления, %",70.6,24812
"4 отток на первом продлении по когортам","доля автопродления в когорте",201609,"2016-09","доля автопродления, %",60.8,18341
"4 отток на первом продлении по когортам","доля автопродления в когорте",201610,"2016-10","доля автопродления, %",64.6,18927
"4 отток на первом продлении по когортам","доля автопродления в когорте",201611,"2016-11","доля автопродления, %",66.5,19979
"4 отток на первом продлении по когортам","доля автопродления в когорте",201612,"2016-12","доля автопродления, %",64.4,23781
"4 отток на первом продлении по когортам","доля автопродления в когорте",201701,"2017-01","доля автопродления, %",69.1,20449
"5 прослушивание до точки решения","автопродление да: остались",0,"вся группа","без прослушивания за 63 дня, % группы (в часы не входят)",23.1,690177
"5 прослушивание до точки решения","автопродление да: остались",-9,"неделя -9","слушали хотя бы день, %",86.1,530817
"5 прослушивание до точки решения","автопродление да: остались",-8,"неделя -8","слушали хотя бы день, %",86.2,530817
"5 прослушивание до точки решения","автопродление да: остались",-7,"неделя -7","слушали хотя бы день, %",86.0,530817
"5 прослушивание до точки решения","автопродление да: остались",-6,"неделя -6","слушали хотя бы день, %",85.7,530817
"5 прослушивание до точки решения","автопродление да: остались",-5,"неделя -5","слушали хотя бы день, %",85.8,530817
"5 прослушивание до точки решения","автопродление да: остались",-4,"неделя -4","слушали хотя бы день, %",85.3,530817
"5 прослушивание до точки решения","автопродление да: остались",-3,"неделя -3","слушали хотя бы день, %",84.8,530817
"5 прослушивание до точки решения","автопродление да: остались",-2,"неделя -2","слушали хотя бы день, %",84.5,530817
"5 прослушивание до точки решения","автопродление да: остались",-1,"неделя -1","слушали хотя бы день, %",84.3,530817
"5 прослушивание до точки решения","автопродление да: остались",-9,"неделя -9","часов в неделю, медиана",4.35,530817
"5 прослушивание до точки решения","автопродление да: остались",-8,"неделя -8","часов в неделю, медиана",4.37,530817
"5 прослушивание до точки решения","автопродление да: остались",-7,"неделя -7","часов в неделю, медиана",4.36,530817
"5 прослушивание до точки решения","автопродление да: остались",-6,"неделя -6","часов в неделю, медиана",4.34,530817
"5 прослушивание до точки решения","автопродление да: остались",-5,"неделя -5","часов в неделю, медиана",4.28,530817
"5 прослушивание до точки решения","автопродление да: остались",-4,"неделя -4","часов в неделю, медиана",4.12,530817
"5 прослушивание до точки решения","автопродление да: остались",-3,"неделя -3","часов в неделю, медиана",3.98,530817
"5 прослушивание до точки решения","автопродление да: остались",-2,"неделя -2","часов в неделю, медиана",3.89,530817
"5 прослушивание до точки решения","автопродление да: остались",-1,"неделя -1","часов в неделю, медиана",3.85,530817
"5 прослушивание до точки решения","автопродление да: остались",-9,"неделя -9","часов в неделю, среднее",8.25,530817
"5 прослушивание до точки решения","автопродление да: остались",-8,"неделя -8","часов в неделю, среднее",8.33,530817
"5 прослушивание до точки решения","автопродление да: остались",-7,"неделя -7","часов в неделю, среднее",8.33,530817
"5 прослушивание до точки решения","автопродление да: остались",-6,"неделя -6","часов в неделю, среднее",8.30,530817
"5 прослушивание до точки решения","автопродление да: остались",-5,"неделя -5","часов в неделю, среднее",8.13,530817
"5 прослушивание до точки решения","автопродление да: остались",-4,"неделя -4","часов в неделю, среднее",7.95,530817
"5 прослушивание до точки решения","автопродление да: остались",-3,"неделя -3","часов в неделю, среднее",7.84,530817
"5 прослушивание до точки решения","автопродление да: остались",-2,"неделя -2","часов в неделю, среднее",7.73,530817
"5 прослушивание до точки решения","автопродление да: остались",-1,"неделя -1","часов в неделю, среднее",7.71,530817
"5 прослушивание до точки решения","автопродление да: ушли",0,"вся группа","без прослушивания за 63 дня, % группы (в часы не входят)",29.9,15786
"5 прослушивание до точки решения","автопродление да: ушли",-9,"неделя -9","слушали хотя бы день, %",82.1,11062
"5 прослушивание до точки решения","автопродление да: ушли",-8,"неделя -8","слушали хотя бы день, %",82.1,11062
"5 прослушивание до точки решения","автопродление да: ушли",-7,"неделя -7","слушали хотя бы день, %",81.2,11062
"5 прослушивание до точки решения","автопродление да: ушли",-6,"неделя -6","слушали хотя бы день, %",80.1,11062
"5 прослушивание до точки решения","автопродление да: ушли",-5,"неделя -5","слушали хотя бы день, %",79.1,11062
"5 прослушивание до точки решения","автопродление да: ушли",-4,"неделя -4","слушали хотя бы день, %",78.5,11062
"5 прослушивание до точки решения","автопродление да: ушли",-3,"неделя -3","слушали хотя бы день, %",76.8,11062
"5 прослушивание до точки решения","автопродление да: ушли",-2,"неделя -2","слушали хотя бы день, %",75.1,11062
"5 прослушивание до точки решения","автопродление да: ушли",-1,"неделя -1","слушали хотя бы день, %",72.7,11062
"5 прослушивание до точки решения","автопродление да: ушли",-9,"неделя -9","часов в неделю, медиана",3.21,11062
"5 прослушивание до точки решения","автопродление да: ушли",-8,"неделя -8","часов в неделю, медиана",3.17,11062
"5 прослушивание до точки решения","автопродление да: ушли",-7,"неделя -7","часов в неделю, медиана",3.18,11062
"5 прослушивание до точки решения","автопродление да: ушли",-6,"неделя -6","часов в неделю, медиана",3.05,11062
"5 прослушивание до точки решения","автопродление да: ушли",-5,"неделя -5","часов в неделю, медиана",2.91,11062
"5 прослушивание до точки решения","автопродление да: ушли",-4,"неделя -4","часов в неделю, медиана",2.75,11062
"5 прослушивание до точки решения","автопродление да: ушли",-3,"неделя -3","часов в неделю, медиана",2.43,11062
"5 прослушивание до точки решения","автопродление да: ушли",-2,"неделя -2","часов в неделю, медиана",2.28,11062
"5 прослушивание до точки решения","автопродление да: ушли",-1,"неделя -1","часов в неделю, медиана",1.83,11062
"5 прослушивание до точки решения","автопродление да: ушли",-9,"неделя -9","часов в неделю, среднее",7.23,11062
"5 прослушивание до точки решения","автопродление да: ушли",-8,"неделя -8","часов в неделю, среднее",6.99,11062
"5 прослушивание до точки решения","автопродление да: ушли",-7,"неделя -7","часов в неделю, среднее",7.06,11062
"5 прослушивание до точки решения","автопродление да: ушли",-6,"неделя -6","часов в неделю, среднее",6.87,11062
"5 прослушивание до точки решения","автопродление да: ушли",-5,"неделя -5","часов в неделю, среднее",6.78,11062
"5 прослушивание до точки решения","автопродление да: ушли",-4,"неделя -4","часов в неделю, среднее",6.51,11062
"5 прослушивание до точки решения","автопродление да: ушли",-3,"неделя -3","часов в неделю, среднее",6.12,11062
"5 прослушивание до точки решения","автопродление да: ушли",-2,"неделя -2","часов в неделю, среднее",5.88,11062
"5 прослушивание до точки решения","автопродление да: ушли",-1,"неделя -1","часов в неделю, среднее",5.46,11062
"5 прослушивание до точки решения","автопродление да: ушли ÷ остались",-9,"неделя -9","медиана часов ушедших, % от оставшихся",73.9,11062
"5 прослушивание до точки решения","автопродление да: ушли ÷ остались",-8,"неделя -8","медиана часов ушедших, % от оставшихся",72.6,11062
"5 прослушивание до точки решения","автопродление да: ушли ÷ остались",-7,"неделя -7","медиана часов ушедших, % от оставшихся",72.9,11062
"5 прослушивание до точки решения","автопродление да: ушли ÷ остались",-6,"неделя -6","медиана часов ушедших, % от оставшихся",70.2,11062
"5 прослушивание до точки решения","автопродление да: ушли ÷ остались",-5,"неделя -5","медиана часов ушедших, % от оставшихся",68.0,11062
"5 прослушивание до точки решения","автопродление да: ушли ÷ остались",-4,"неделя -4","медиана часов ушедших, % от оставшихся",66.8,11062
"5 прослушивание до точки решения","автопродление да: ушли ÷ остались",-3,"неделя -3","медиана часов ушедших, % от оставшихся",61.0,11062
"5 прослушивание до точки решения","автопродление да: ушли ÷ остались",-2,"неделя -2","медиана часов ушедших, % от оставшихся",58.7,11062
"5 прослушивание до точки решения","автопродление да: ушли ÷ остались",-1,"неделя -1","медиана часов ушедших, % от оставшихся",47.6,11062
"5 прослушивание до точки решения","автопродление нет: остались",0,"вся группа","без прослушивания за 63 дня, % группы (в часы не входят)",0.0,48618
"5 прослушивание до точки решения","автопродление нет: остались",-9,"неделя -9","слушали хотя бы день, %",98.2,48608
"5 прослушивание до точки решения","автопродление нет: остались",-8,"неделя -8","слушали хотя бы день, %",97.0,48608
"5 прослушивание до точки решения","автопродление нет: остались",-7,"неделя -7","слушали хотя бы день, %",94.8,48608
"5 прослушивание до точки решения","автопродление нет: остались",-6,"неделя -6","слушали хотя бы день, %",90.9,48608
"5 прослушивание до точки решения","автопродление нет: остались",-5,"неделя -5","слушали хотя бы день, %",98.4,48608
"5 прослушивание до точки решения","автопродление нет: остались",-4,"неделя -4","слушали хотя бы день, %",97.9,48608
"5 прослушивание до точки решения","автопродление нет: остались",-3,"неделя -3","слушали хотя бы день, %",97.2,48608
"5 прослушивание до точки решения","автопродление нет: остались",-2,"неделя -2","слушали хотя бы день, %",96.8,48608
"5 прослушивание до точки решения","автопродление нет: остались",-1,"неделя -1","слушали хотя бы день, %",96.5,48608
"5 прослушивание до точки решения","автопродление нет: остались",-9,"неделя -9","часов в неделю, медиана",8.50,48608
"5 прослушивание до точки решения","автопродление нет: остались",-8,"неделя -8","часов в неделю, медиана",8.61,48608
"5 прослушивание до точки решения","автопродление нет: остались",-7,"неделя -7","часов в неделю, медиана",8.25,48608
"5 прослушивание до точки решения","автопродление нет: остались",-6,"неделя -6","часов в неделю, медиана",7.61,48608
"5 прослушивание до точки решения","автопродление нет: остались",-5,"неделя -5","часов в неделю, медиана",6.82,48608
"5 прослушивание до точки решения","автопродление нет: остались",-4,"неделя -4","часов в неделю, медиана",8.62,48608
"5 прослушивание до точки решения","автопродление нет: остались",-3,"неделя -3","часов в неделю, медиана",7.89,48608
"5 прослушивание до точки решения","автопродление нет: остались",-2,"неделя -2","часов в неделю, медиана",7.47,48608
"5 прослушивание до точки решения","автопродление нет: остались",-1,"неделя -1","часов в неделю, медиана",7.29,48608
"5 прослушивание до точки решения","автопродление нет: остались",-9,"неделя -9","часов в неделю, среднее",12.31,48608
"5 прослушивание до точки решения","автопродление нет: остались",-8,"неделя -8","часов в неделю, среднее",12.51,48608
"5 прослушивание до точки решения","автопродление нет: остались",-7,"неделя -7","часов в неделю, среднее",12.20,48608
"5 прослушивание до точки решения","автопродление нет: остались",-6,"неделя -6","часов в неделю, среднее",11.56,48608
"5 прослушивание до точки решения","автопродление нет: остались",-5,"неделя -5","часов в неделю, среднее",10.79,48608
"5 прослушивание до точки решения","автопродление нет: остались",-4,"неделя -4","часов в неделю, среднее",12.78,48608
"5 прослушивание до точки решения","автопродление нет: остались",-3,"неделя -3","часов в неделю, среднее",12.12,48608
"5 прослушивание до точки решения","автопродление нет: остались",-2,"неделя -2","часов в неделю, среднее",11.67,48608
"5 прослушивание до точки решения","автопродление нет: остались",-1,"неделя -1","часов в неделю, среднее",11.54,48608
"5 прослушивание до точки решения","автопродление нет: ушли",0,"вся группа","без прослушивания за 63 дня, % группы (в часы не входят)",0.0,10646
"5 прослушивание до точки решения","автопродление нет: ушли",-9,"неделя -9","слушали хотя бы день, %",96.0,10641
"5 прослушивание до точки решения","автопродление нет: ушли",-8,"неделя -8","слушали хотя бы день, %",93.3,10641
"5 прослушивание до точки решения","автопродление нет: ушли",-7,"неделя -7","слушали хотя бы день, %",88.4,10641
"5 прослушивание до точки решения","автопродление нет: ушли",-6,"неделя -6","слушали хотя бы день, %",80.8,10641
"5 прослушивание до точки решения","автопродление нет: ушли",-5,"неделя -5","слушали хотя бы день, %",96.0,10641
"5 прослушивание до точки решения","автопродление нет: ушли",-4,"неделя -4","слушали хотя бы день, %",95.5,10641
"5 прослушивание до точки решения","автопродление нет: ушли",-3,"неделя -3","слушали хотя бы день, %",92.9,10641
"5 прослушивание до точки решения","автопродление нет: ушли",-2,"неделя -2","слушали хотя бы день, %",90.3,10641
"5 прослушивание до точки решения","автопродление нет: ушли",-1,"неделя -1","слушали хотя бы день, %",87.1,10641
"5 прослушивание до точки решения","автопродление нет: ушли",-9,"неделя -9","часов в неделю, медиана",6.82,10641
"5 прослушивание до точки решения","автопродление нет: ушли",-8,"неделя -8","часов в неделю, медиана",6.58,10641
"5 прослушивание до точки решения","автопродление нет: ушли",-7,"неделя -7","часов в неделю, медиана",5.87,10641
"5 прослушивание до точки решения","автопродление нет: ушли",-6,"неделя -6","часов в неделю, медиана",4.76,10641
"5 прослушивание до точки решения","автопродление нет: ушли",-5,"неделя -5","часов в неделю, медиана",4.51,10641
"5 прослушивание до точки решения","автопродление нет: ушли",-4,"неделя -4","часов в неделю, медиана",6.59,10641
"5 прослушивание до точки решения","автопродление нет: ушли",-3,"неделя -3","часов в неделю, медиана",5.44,10641
"5 прослушивание до точки решения","автопродление нет: ушли",-2,"неделя -2","часов в неделю, медиана",4.81,10641
"5 прослушивание до точки решения","автопродление нет: ушли",-1,"неделя -1","часов в неделю, медиана",4.15,10641
"5 прослушивание до точки решения","автопродление нет: ушли",-9,"неделя -9","часов в неделю, среднее",10.25,10641
"5 прослушивание до точки решения","автопродление нет: ушли",-8,"неделя -8","часов в неделю, среднее",10.04,10641
"5 прослушивание до точки решения","автопродление нет: ушли",-7,"неделя -7","часов в неделю, среднее",9.52,10641
"5 прослушивание до точки решения","автопродление нет: ушли",-6,"неделя -6","часов в неделю, среднее",8.64,10641
"5 прослушивание до точки решения","автопродление нет: ушли",-5,"неделя -5","часов в неделю, среднее",8.18,10641
"5 прослушивание до точки решения","автопродление нет: ушли",-4,"неделя -4","часов в неделю, среднее",10.09,10641
"5 прослушивание до точки решения","автопродление нет: ушли",-3,"неделя -3","часов в неделю, среднее",9.12,10641
"5 прослушивание до точки решения","автопродление нет: ушли",-2,"неделя -2","часов в неделю, среднее",8.46,10641
"5 прослушивание до точки решения","автопродление нет: ушли",-1,"неделя -1","часов в неделю, среднее",7.78,10641
"5 прослушивание до точки решения","автопродление нет: ушли ÷ остались",-9,"неделя -9","медиана часов ушедших, % от оставшихся",80.2,10641
"5 прослушивание до точки решения","автопродление нет: ушли ÷ остались",-8,"неделя -8","медиана часов ушедших, % от оставшихся",76.4,10641
"5 прослушивание до точки решения","автопродление нет: ушли ÷ остались",-7,"неделя -7","медиана часов ушедших, % от оставшихся",71.1,10641
"5 прослушивание до точки решения","автопродление нет: ушли ÷ остались",-6,"неделя -6","медиана часов ушедших, % от оставшихся",62.6,10641
"5 прослушивание до точки решения","автопродление нет: ушли ÷ остались",-5,"неделя -5","медиана часов ушедших, % от оставшихся",66.1,10641
"5 прослушивание до точки решения","автопродление нет: ушли ÷ остались",-4,"неделя -4","медиана часов ушедших, % от оставшихся",76.5,10641
"5 прослушивание до точки решения","автопродление нет: ушли ÷ остались",-3,"неделя -3","медиана часов ушедших, % от оставшихся",68.9,10641
"5 прослушивание до точки решения","автопродление нет: ушли ÷ остались",-2,"неделя -2","медиана часов ушедших, % от оставшихся",64.4,10641
"5 прослушивание до точки решения","автопродление нет: ушли ÷ остались",-1,"неделя -1","медиана часов ушедших, % от оставшихся",57.0,10641
"6 опоздание с оплатой месячного плана","автопродление",0,"вовремя или заранее","доля от продлений способа оплаты, %",85.60,14471358
"6 опоздание с оплатой месячного плана","автопродление",1,"позже на 1-2 дня (правила не различить)","доля от продлений способа оплаты, %",12.08,2042348
"6 опоздание с оплатой месячного плана","автопродление",2,"позже на 3-7 дней","доля от продлений способа оплаты, %",0.20,33940
"6 опоздание с оплатой месячного плана","автопродление",3,"позже на 8-29 дней","доля от продлений способа оплаты, %",0.52,87237
"6 опоздание с оплатой месячного плана","автопродление",4,"позже на 30+ дней (уход и возврат, новый эпизод)","доля от продлений способа оплаты, %",1.60,270490
"6 опоздание с оплатой месячного плана","автопродление",0,"вовремя или заранее","не подходит ни одно правило, %",6.36,14471358
"6 опоздание с оплатой месячного плана","автопродление",1,"позже на 1-2 дня (правила не различить)","не подходит ни одно правило, %",7.77,2042348
"6 опоздание с оплатой месячного плана","автопродление",2,"позже на 3-7 дней","не подходит ни одно правило, %",40.37,33940
"6 опоздание с оплатой месячного плана","автопродление",3,"позже на 8-29 дней","не подходит ни одно правило, %",68.85,87237
"6 опоздание с оплатой месячного плана","автопродление",4,"позже на 30+ дней (уход и возврат, новый эпизод)","не подходит ни одно правило, %",33.43,270490
"6 опоздание с оплатой месячного плана","автопродление",0,"вовремя или заранее","новый период от даты оплаты, %",1.88,14471358
"6 опоздание с оплатой месячного плана","автопродление",1,"позже на 1-2 дня (правила не различить)","новый период от даты оплаты, %",2.02,2042348
"6 опоздание с оплатой месячного плана","автопродление",2,"позже на 3-7 дней","новый период от даты оплаты, %",57.24,33940
"6 опоздание с оплатой месячного плана","автопродление",3,"позже на 8-29 дней","новый период от даты оплаты, %",30.34,87237
"6 опоздание с оплатой месячного плана","автопродление",4,"позже на 30+ дней (уход и возврат, новый эпизод)","новый период от даты оплаты, %",65.24,270490
"6 опоздание с оплатой месячного плана","автопродление",0,"вовремя или заранее","опоздание, дней в среднем",0.0,14471358
"6 опоздание с оплатой месячного плана","автопродление",1,"позже на 1-2 дня (правила не различить)","опоздание, дней в среднем",1.0,2042348
"6 опоздание с оплатой месячного плана","автопродление",2,"позже на 3-7 дней","опоздание, дней в среднем",4.5,33940
"6 опоздание с оплатой месячного плана","автопродление",3,"позже на 8-29 дней","опоздание, дней в среднем",20.0,87237
"6 опоздание с оплатой месячного плана","автопродление",4,"позже на 30+ дней (уход и возврат, новый эпизод)","опоздание, дней в среднем",83.8,270490
"6 опоздание с оплатой месячного плана","автопродление",0,"вовремя или заранее","подходят оба правила, %",68.65,14471358
"6 опоздание с оплатой месячного плана","автопродление",1,"позже на 1-2 дня (правила не различить)","подходят оба правила, %",83.90,2042348
"6 опоздание с оплатой месячного плана","автопродление",2,"позже на 3-7 дней","подходят оба правила, %",0.00,33940
"6 опоздание с оплатой месячного плана","автопродление",3,"позже на 8-29 дней","подходят оба правила, %",0.00,87237
"6 опоздание с оплатой месячного плана","автопродление",4,"позже на 30+ дней (уход и возврат, новый эпизод)","подходят оба правила, %",0.00,270490
"6 опоздание с оплатой месячного плана","автопродление",0,"вовремя или заранее","продлений",14471358,14471358
"6 опоздание с оплатой месячного плана","автопродление",1,"позже на 1-2 дня (правила не различить)","продлений",2042348,2042348
"6 опоздание с оплатой месячного плана","автопродление",2,"позже на 3-7 дней","продлений",33940,33940
"6 опоздание с оплатой месячного плана","автопродление",3,"позже на 8-29 дней","продлений",87237,87237
"6 опоздание с оплатой месячного плана","автопродление",4,"позже на 30+ дней (уход и возврат, новый эпизод)","продлений",270490,270490
"6 опоздание с оплатой месячного плана","ручная оплата",0,"вовремя или заранее","доля от продлений способа оплаты, %",22.60,433000
"6 опоздание с оплатой месячного плана","ручная оплата",1,"позже на 1-2 дня (правила не различить)","доля от продлений способа оплаты, %",35.16,673776
"6 опоздание с оплатой месячного плана","ручная оплата",2,"позже на 3-7 дней","доля от продлений способа оплаты, %",19.41,371908
"6 опоздание с оплатой месячного плана","ручная оплата",3,"позже на 8-29 дней","доля от продлений способа оплаты, %",13.18,252531
"6 опоздание с оплатой месячного плана","ручная оплата",4,"позже на 30+ дней (уход и возврат, новый эпизод)","доля от продлений способа оплаты, %",9.65,184830
"6 опоздание с оплатой месячного плана","ручная оплата",0,"вовремя или заранее","не подходит ни одно правило, %",0.02,433000
"6 опоздание с оплатой месячного плана","ручная оплата",1,"позже на 1-2 дня (правила не различить)","не подходит ни одно правило, %",0.04,673776
"6 опоздание с оплатой месячного плана","ручная оплата",2,"позже на 3-7 дней","не подходит ни одно правило, %",0.08,371908
"6 опоздание с оплатой месячного плана","ручная оплата",3,"позже на 8-29 дней","не подходит ни одно правило, %",0.48,252531
"6 опоздание с оплатой месячного плана","ручная оплата",4,"позже на 30+ дней (уход и возврат, новый эпизод)","не подходит ни одно правило, %",0.37,184830
"6 опоздание с оплатой месячного плана","ручная оплата",0,"вовремя или заранее","новый период от даты оплаты, %",0.11,433000
"6 опоздание с оплатой месячного плана","ручная оплата",1,"позже на 1-2 дня (правила не различить)","новый период от даты оплаты, %",36.18,673776
"6 опоздание с оплатой месячного плана","ручная оплата",2,"позже на 3-7 дней","новый период от даты оплаты, %",99.92,371908
"6 опоздание с оплатой месячного плана","ручная оплата",3,"позже на 8-29 дней","новый период от даты оплаты, %",99.52,252531
"6 опоздание с оплатой месячного плана","ручная оплата",4,"позже на 30+ дней (уход и возврат, новый эпизод)","новый период от даты оплаты, %",99.63,184830
"6 опоздание с оплатой месячного плана","ручная оплата",0,"вовремя или заранее","опоздание, дней в среднем",0.0,433000
"6 опоздание с оплатой месячного плана","ручная оплата",1,"позже на 1-2 дня (правила не различить)","опоздание, дней в среднем",1.4,673776
"6 опоздание с оплатой месячного плана","ручная оплата",2,"позже на 3-7 дней","опоздание, дней в среднем",4.4,371908
"6 опоздание с оплатой месячного плана","ручная оплата",3,"позже на 8-29 дней","опоздание, дней в среднем",15.1,252531
"6 опоздание с оплатой месячного плана","ручная оплата",4,"позже на 30+ дней (уход и возврат, новый эпизод)","опоздание, дней в среднем",100.5,184830
"6 опоздание с оплатой месячного плана","ручная оплата",0,"вовремя или заранее","подходят оба правила, %",49.81,433000
"6 опоздание с оплатой месячного плана","ручная оплата",1,"позже на 1-2 дня (правила не различить)","подходят оба правила, %",63.78,673776
"6 опоздание с оплатой месячного плана","ручная оплата",2,"позже на 3-7 дней","подходят оба правила, %",0.00,371908
"6 опоздание с оплатой месячного плана","ручная оплата",3,"позже на 8-29 дней","подходят оба правила, %",0.00,252531
"6 опоздание с оплатой месячного плана","ручная оплата",4,"позже на 30+ дней (уход и возврат, новый эпизод)","подходят оба правила, %",0.00,184830
"6 опоздание с оплатой месячного плана","ручная оплата",0,"вовремя или заранее","продлений",433000,433000
"6 опоздание с оплатой месячного плана","ручная оплата",1,"позже на 1-2 дня (правила не различить)","продлений",673776,673776
"6 опоздание с оплатой месячного плана","ручная оплата",2,"позже на 3-7 дней","продлений",371908,371908
"6 опоздание с оплатой месячного плана","ручная оплата",3,"позже на 8-29 дней","продлений",252531,252531
"6 опоздание с оплатой месячного плана","ручная оплата",4,"позже на 30+ дней (уход и возврат, новый эпизод)","продлений",184830,184830
"7 retention новых клиентов: первый и повторный эпизод","первый эпизод",1,"мес. 1","retention, %",97.33,650069
"7 retention новых клиентов: первый и повторный эпизод","первый эпизод",2,"мес. 2","retention, %",84.48,585078
"7 retention новых клиентов: первый и повторный эпизод","первый эпизод",3,"мес. 3","retention, %",78.74,487194
"7 retention новых клиентов: первый и повторный эпизод","первый эпизод",4,"мес. 4","retention, %",74.93,433629
"7 retention новых клиентов: первый и повторный эпизод","первый эпизод",5,"мес. 5","retention, %",72.26,394360
"7 retention новых клиентов: первый и повторный эпизод","первый эпизод",6,"мес. 6","retention, %",70.13,364701
"7 retention новых клиентов: первый и повторный эпизод","первый эпизод",7,"мес. 7","retention, %",66.65,338954
"7 retention новых клиентов: первый и повторный эпизод","первый эпизод",8,"мес. 8","retention, %",64.76,304149
"7 retention новых клиентов: первый и повторный эпизод","первый эпизод",9,"мес. 9","retention, %",63.19,273842
"7 retention новых клиентов: первый и повторный эпизод","первый эпизод",10,"мес. 10","retention, %",61.68,249673
"7 retention новых клиентов: первый и повторный эпизод","первый эпизод",11,"мес. 11","retention, %",60.15,230667
"7 retention новых клиентов: первый и повторный эпизод","первый эпизод",12,"мес. 12","retention, %",58.60,214873
"7 retention новых клиентов: первый и повторный эпизод","первый эпизод",13,"мес. 13","retention, %",55.84,195301
"7 retention новых клиентов: первый и повторный эпизод","первый эпизод",14,"мес. 14","retention, %",52.45,167311
"7 retention новых клиентов: первый и повторный эпизод","первый эпизод",15,"мес. 15","retention, %",50.92,137729
"7 retention новых клиентов: первый и повторный эпизод","первый эпизод",16,"мес. 16","retention, %",49.67,118971
"7 retention новых клиентов: первый и повторный эпизод","первый эпизод",17,"мес. 17","retention, %",48.47,98891
"7 retention новых клиентов: первый и повторный эпизод","первый эпизод",18,"мес. 18","retention, %",47.25,77577
"7 retention новых клиентов: первый и повторный эпизод","первый эпизод",19,"мес. 19","retention, %",46.25,59979
"7 retention новых клиентов: первый и повторный эпизод","первый эпизод",20,"мес. 20","retention, %",44.94,43386
"7 retention новых клиентов: первый и повторный эпизод","первый эпизод",21,"мес. 21","retention, %",43.40,29010
"7 retention новых клиентов: первый и повторный эпизод","повторный эпизод (вернулись после ухода)",1,"мес. 1","retention, %",96.66,151497
"7 retention новых клиентов: первый и повторный эпизод","повторный эпизод (вернулись после ухода)",2,"мес. 2","retention, %",77.05,132360
"7 retention новых клиентов: первый и повторный эпизод","повторный эпизод (вернулись после ухода)",3,"мес. 3","retention, %",69.54,91379
"7 retention новых клиентов: первый и повторный эпизод","повторный эпизод (вернулись после ухода)",4,"мес. 4","retention, %",65.06,78322
"7 retention новых клиентов: первый и повторный эпизод","повторный эпизод (вернулись после ухода)",5,"мес. 5","retention, %",62.02,69194
"7 retention новых клиентов: первый и повторный эпизод","повторный эпизод (вернулись после ухода)",6,"мес. 6","retention, %",59.51,63222
"7 retention новых клиентов: первый и повторный эпизод","повторный эпизод (вернулись после ухода)",7,"мес. 7","retention, %",56.09,57355
"7 retention новых клиентов: первый и повторный эпизод","повторный эпизод (вернулись после ухода)",8,"мес. 8","retention, %",53.93,50884
"7 retention новых клиентов: первый и повторный эпизод","повторный эпизод (вернулись после ухода)",9,"мес. 9","retention, %",52.23,31007
"7 retention новых клиентов: первый и повторный эпизод","повторный эпизод (вернулись после ухода)",10,"мес. 10","retention, %",50.80,26954
"7 retention новых клиентов: первый и повторный эпизод","повторный эпизод (вернулись после ухода)",11,"мес. 11","retention, %",49.24,23823
"7 retention новых клиентов: первый и повторный эпизод","повторный эпизод (вернулись после ухода)",12,"мес. 12","retention, %",47.75,20483
"7 retention новых клиентов: первый и повторный эпизод","повторный эпизод (вернулись после ухода)",13,"мес. 13","retention, %",46.68,17891
"7 retention новых клиентов: первый и повторный эпизод","повторный эпизод (вернулись после ухода)",14,"мес. 14","retention, %",44.80,15684
"7 retention новых клиентов: первый и повторный эпизод","повторный эпизод (вернулись после ухода)",15,"мес. 15","retention, %",43.77,10845
"7 retention новых клиентов: первый и повторный эпизод","повторный эпизод (вернулись после ухода)",16,"мес. 16","retention, %",42.62,9758
"7 retention новых клиентов: первый и повторный эпизод","повторный эпизод (вернулись после ухода)",17,"мес. 17","retention, %",41.20,3022
"7 retention новых клиентов: первый и повторный эпизод","повторный эпизод (вернулись после ухода)",18,"мес. 18","retention, %",39.99,2455
"7 retention новых клиентов: первый и повторный эпизод","повторный эпизод (вернулись после ухода)",19,"мес. 19","retention, %",38.79,1892
